seed,step,s
0,0,3.9739233746
0,1,3.9341841409
0,2,3.8956335416
0,3,3.8582207489
0,4,3.8218977976
0,5,3.7866193856
0,6,3.7523426911
0,7,3.7190272047
0,8,3.6866345749
0,9,3.6551284661
0,10,3.6244744271
0,11,3.5946397706
0,12,3.5655934611
0,13,3.5373060118
0,14,3.5097493887
0,15,3.4828969222
0,16,3.4567232247
0,17,3.4312041145
0,18,3.4063165444
0,19,3.3820385363
0,20,3.3583491195
0,21,3.3352282733
0,22,3.3126568739
0,23,3.2906166447
0,24,3.2690901094
0,25,3.2480605490
0,26,3.2275119607
0,27,3.2074290201
0,28,3.1877970455
0,29,3.1686019644
0,30,3.1498302822
0,31,3.1314690528
0,32,3.1135058507
0,33,3.0959287454
0,34,3.0787262767
0,35,3.0618874316
0,36,3.0454016228
0,37,3.0292586683
0,38,3.0134487720
0,39,2.9979625058
0,40,2.9827907919
0,41,2.9679248872
0,42,2.9533563679
0,43,2.9390771145
0,44,2.9250792989
0,45,2.9113553707
0,46,2.8978980456
0,47,2.8847002931
0,48,2.8717553262
0,49,2.8590565903
0,50,2.8465977538
0,51,2.8343726981
0,52,2.8223755095
0,53,2.8106004699
0,54,2.7990420491
0,55,2.7876948972
0,56,2.7765538371
0,57,2.7656138578
0,58,2.7548701073
0,59,2.7443178870
0,60,2.7339526452
0,61,2.7237699713
0,62,2.7137655908
0,63,2.7137655908
0,64,2.7039353598
0,65,2.6942752601
0,66,2.6847813942
0,67,2.6754499812
0,68,2.6662773524
0,69,2.6572599469
0,70,2.6483943076
0,71,2.6396770781
0,72,2.6311049981
0,73,2.6226749008
0,74,2.6143837091
0,75,2.6062284325
0,76,2.5982061641
0,77,2.5903140779
0,78,2.5825494257
0,79,2.5749095345
0,80,2.5673918041
0,81,2.5599937045
0,82,2.5527127734
1,0,3.7236432494
1,1,3.6864068169
1,2,3.6503383390
1,3,3.6153858573
1,4,3.5815004546
1,5,3.5486360339
1,6,3.5167491184
1,7,3.4857986666
1,8,3.4557459043
1,9,3.4265541691
1,10,3.3981887685
1,11,3.3706168488
1,12,3.3438072746
1,13,3.3177305175
1,14,3.2923585534
1,15,3.2676647678
1,16,3.2436238679
1,17,3.2202118013
1,18,3.1974056806
1,19,3.1751837137
1,20,3.1535251388
1,21,3.1324101638
1,22,3.1118199106
1,23,3.0917363625
1,24,3.0721423154
1,25,3.0530213326
1,26,3.0343577025
1,27,3.0161363983
1,28,2.9983430416
1,29,2.9809638675
1,30,2.9639856921
1,31,2.9473958820
1,32,2.9311823260
1,33,2.9153334082
1,34,2.8998379827
1,35,2.8846853502
1,36,2.8698652359
1,37,2.8553677683
1,38,2.8411834595
1,39,2.8273031872
1,40,2.8137181767
1,41,2.8004199847
1,42,2.7874004835
1,43,2.7746518467
1,44,2.7621665352
1,45,2.7499372838
1,46,2.7379570893
1,47,2.7262191986
1,48,2.7147170974
1,49,2.7034444998
1,50,2.6923953386
1,51,2.6815637555
1,52,2.6709440923
1,53,2.6605308826
1,54,2.6503188434
1,55,2.6503188434
1,56,2.6403028674
1,57,2.6304780162
1,58,2.6208395129
1,59,2.6113827359
1,60,2.6021032120
1,61,2.5929966114
1,62,2.5840587412
1,63,2.5752855403
1,64,2.5666730744
1,65,2.5582175306
1,66,2.5499152135
1,67,2.5417625399
1,68,2.5337560352
1,69,2.5258923287
1,70,2.5181681503
1,71,2.5105803266
1,72,2.5031257769
1,73,2.4958015107
1,74,2.4886046234
1,75,2.4815322942
1,76,2.4745817824
1,77,2.4677504248
1,78,2.4610356331
1,79,2.4544348911
1,80,2.4479457522
1,81,2.4415658373
1,82,2.4415658373
1,83,2.4352928319
1,84,2.4291244845
1,85,2.4230586044
1,86,2.4170930591
1,87,2.4170930591
1,88,2.4112257731
1,89,2.4054547255
1,90,2.3997779486
1,91,2.3941935256
1,92,2.3886995898
1,93,2.3832943220
2,0,3.2232242685
2,1,3.1909920258
2,2,3.1599220985
2,3,3.1299565101
2,4,3.1010410712
2,5,3.0731250744
2,6,3.0461610177
2,7,3.0201043545
2,8,2.9949132663
2,9,2.9705484561
2,10,2.9469729608
2,11,2.9241519795
2,12,2.9020527174
2,13,2.8806442426
2,14,2.8598973551
2,15,2.8397844673
2,16,2.8202794932
2,17,2.8013577475
2,18,2.7829958527
2,19,2.7651716530
2,20,2.7478641354
2,21,2.7478641354
2,22,2.7310533566
2,23,2.7147203756
2,24,2.7147203756
2,25,2.6988471914
2,26,2.6834166850
2,27,2.6684125659
2,28,2.6684125659
2,29,2.6538193224
2,30,2.6396221756
2,31,2.6396221756
2,32,2.6258070363
2,33,2.6123604651
2,34,2.6123604651
2,35,2.5992696354
2,36,2.5992696354
2,37,2.5865222984
2,38,2.5865222984
2,39,2.5741067513
2,40,2.5620118068
2,41,2.5502267650
2,42,2.5387413869
2,43,2.5275458702
2,44,2.5166308256
2,45,2.5059872557
2,46,2.4956065346
2,47,2.4854803886
2,48,2.4756008786
2,49,2.4659603834
2,50,2.4565515836
2,51,2.4473674469
2,52,2.4384012143
2,53,2.4296463866
2,54,2.4210967124
2,55,2.4127461758
2,56,2.4045889862
2,57,2.3966195669
2,58,2.3888325462
2,59,2.3812227474
2,60,2.3737851802
2,61,2.3665150325
2,62,2.3594076625
2,63,2.3594076625
2,64,2.3524585910
2,65,2.3456634946
2,66,2.3390181988
2,67,2.3325186719
2,68,2.3261610184
2,69,2.3199414741
2,70,2.3138563998
2,71,2.3079022767
2,72,2.3020757013
2,73,2.2963733808
2,74,2.2907921284
2,75,2.2853288593
2,76,2.2799805868
2,77,2.2747444180
2,78,2.2696175504
2,79,2.2645972687
2,80,2.2596809408
2,81,2.2548660153
2,82,2.2501500180
2,83,2.2455305492
2,84,2.2410052810
2,85,2.2365719544
2,86,2.2322283771
2,87,2.2279724208
2,88,2.2238020191
2,89,2.2197151651
2,90,2.2157099095
2,91,2.2117843583
2,92,2.2079366713
2,93,2.2041650596
2,94,2.2004677845
2,95,2.1968431553
2,96,2.1932895278
2,97,2.1898053029
2,98,2.1863889249
2,99,2.1830388802
2,100,2.1797536955
2,101,2.1765319373
2,102,2.1733722096
2,103,2.1702731535
2,104,2.1672334456
2,105,2.1642517970
2,106,2.1613269521
2,107,2.1584576876
2,108,2.1556428115
2,109,2.1528811623
2,110,2.1501716077
2,111,2.1475130439
2,112,2.1449043948
2,113,2.1423446110
2,114,2.1398326691
2,115,2.1373675710
2,116,2.1349483428
2,117,2.1325740345
2,118,2.1302437190
2,119,2.1279564919
2,120,2.1257114699
2,121,2.1235077914
2,122,2.1213446148
2,123,2.1192211185
2,124,2.1171365005
2,125,2.1150899772
2,126,2.1130807834
2,127,2.1111081717
2,128,2.1091714118
2,129,2.1072697904
2,130,2.1054026102
2,131,2.1035691901
2,132,2.1017688643
2,133,2.1000009818
2,134,2.0982649066
2,135,2.0965600167
2,136,2.0948857041
2,137,2.0932413740
2,138,2.0916264450
2,139,2.0900403485
2,140,2.0884825282
2,141,2.0869524400
2,142,2.0854495516
2,143,2.0839733424
2,144,2.0825233027
2,145,2.0810989340
2,146,2.0796997483
2,147,2.0783252683
2,148,2.0769750265
2,149,2.0756485654
2,150,2.0743454372
2,151,2.0730652035
2,152,2.0718074351
2,153,2.0705717117
2,154,2.0693576216
2,155,2.0681647620
2,156,2.0669927381
2,157,2.0658411632
2,158,2.0647096589
2,159,2.0635978542
2,160,2.0625053857
2,161,2.0614318975
2,162,2.0603770408
2,163,2.0593404739
2,164,2.0583218621
2,165,2.0573208772
2,166,2.0563371976
2,167,2.0553705082
2,168,2.0544205002
2,169,2.0534868709
2,170,2.0525693235
2,171,2.0516675671
2,172,2.0507813165
2,173,2.0499102923
2,174,2.0490542202
2,175,2.0482128316
2,176,2.0473858630
2,177,2.0465730559
2,178,2.0457741569
2,179,2.0449889175
2,180,2.0442170941
2,181,2.0434584475
2,182,2.0427127434
2,183,2.0419797518
2,184,2.0412592472
2,185,2.0405510081
2,186,2.0398548177
2,187,2.0391704628
2,188,2.0384977347
2,189,2.0378364283
2,190,2.0371863424
2,191,2.0365472798
2,192,2.0359190468
2,193,2.0353014534
2,194,2.0346943130
2,195,2.0340974428
2,196,2.0335106630
2,197,2.0329337976
2,198,2.0323666733
2,199,2.0318091206
2,200,2.0312609726
2,201,2.0307220658
2,202,2.0301922397
2,203,2.0296713366
2,204,2.0291592017
2,205,2.0286556832
2,206,2.0281606318
2,207,2.0276739012
2,208,2.0271953477
2,209,2.0267248300
2,210,2.0262622095
2,211,2.0258073503
2,212,2.0253601187
2,213,2.0249203835
2,214,2.0244880158
2,215,2.0240628892
2,216,2.0236448794
2,217,2.0232338643
2,218,2.0228297241
2,219,2.0224323413
2,220,2.0220416001
2,221,2.0216573870
2,222,2.0212795906
2,223,2.0209081013
2,224,2.0205428116
2,225,2.0201836159
2,226,2.0198304102
2,227,2.0194830927
2,228,2.0191415633
2,229,2.0188057235
2,230,2.0184754767
2,231,2.0181507279
2,232,2.0178313840
2,233,2.0175173532
2,234,2.0172085456
2,235,2.0169048727
2,236,2.0166062475
2,237,2.0163125848
2,238,2.0160238006
2,239,2.0157398126
2,240,2.0154605397
2,241,2.0151859023
2,242,2.0149158223
2,243,2.0146502229
2,244,2.0143890285
2,245,2.0141321651
2,246,2.0138795595
2,247,2.0136311404
2,248,2.0133868371
2,249,2.0131465807
2,250,2.0129103030
2,251,2.0126779373
2,252,2.0124494180
2,253,2.0122246804
2,254,2.0120036612
2,255,2.0117862980
2,256,2.0115725296
2,257,2.0113622958
2,258,2.0111555374
2,259,2.0109521963
2,260,2.0107522153
2,261,2.0105555382
2,262,2.0103621098
2,263,2.0101718757
2,264,2.0099847828
2,265,2.0098007785
2,266,2.0096198113
2,267,2.0094418304
2,268,2.0092667862
2,269,2.0090946296
2,270,2.0089253126
2,271,2.0087587877
2,272,2.0085950086
2,273,2.0084339295
2,274,2.0082755054
2,275,2.0081196922
2,276,2.0079664465
2,277,2.0078157255
2,278,2.0076674874
2,279,2.0075216907
2,280,2.0073782951
2,281,2.0072372605
2,282,2.0070985478
2,283,2.0069621184
2,284,2.0068279345
2,285,2.0066959588
2,286,2.0065661547
2,287,2.0064384861
2,288,2.0063129177
2,289,2.0061894147
2,290,2.0060679428
2,291,2.0059484683
2,292,2.0058309583
2,293,2.0057153801
2,294,2.0056017018
2,295,2.0054898920
2,296,2.0053799197
2,297,2.0052717546
2,298,2.0051653667
2,299,2.0050607266
2,300,2.0049578056
2,301,2.0048565750
2,302,2.0047570071
2,303,2.0046590743
2,304,2.0045627497
2,305,2.0044680066
2,306,2.0043748190
2,307,2.0042831612
2,308,2.0041930079
2,309,2.0041043343
2,310,2.0040171160
2,311,2.0039313289
2,312,2.0038469495
2,313,2.0037639546
2,314,2.0036823212
2,315,2.0036020271
2,316,2.0035230500
2,317,2.0034453683
2,318,2.0033689607
2,319,2.0032938061
2,320,2.0032198839
2,321,2.0031471738
2,322,2.0030756559
2,323,2.0030053105
2,324,2.0029361183
2,325,2.0028680603
2,326,2.0028011179
2,327,2.0027352727
2,328,2.0026705066
2,329,2.0026068019
2,330,2.0025441412
2,331,2.0024825072
2,332,2.0024218830
2,333,2.0023622522
2,334,2.0023035982
2,335,2.0022459051
2,336,2.0021891571
2,337,2.0021333387
2,338,2.0020784345
2,339,2.0020244295
2,340,2.0019713090
2,341,2.0019190584
2,342,2.0018676635
2,343,2.0018171101
2,344,2.0017673845
2,345,2.0017184731
2,346,2.0016703625
2,347,2.0016230395
2,348,2.0015764912
2,349,2.0015307049
2,350,2.0014856681
2,351,2.0014413685
2,352,2.0013977940
2,353,2.0013549326
2,354,2.0013127728
2,355,2.0012713029
2,356,2.0012305117
2,357,2.0011903880
2,358,2.0011509209
2,359,2.0011120995
2,360,2.0010739134
2,361,2.0010363521
2,362,2.0009994053
2,363,2.0009630630
2,364,2.0009273152
2,365,2.0008921523
2,366,2.0008575645
2,367,2.0008235426
2,368,2.0007900772
2,369,2.0007571591
2,370,2.0007247795
2,371,2.0006929295
2,372,2.0006616005
2,373,2.0006307838
2,374,2.0006004711
2,375,2.0005706541
2,376,2.0005413247
2,377,2.0005124750
2,378,2.0004840970
2,379,2.0004561831
2,380,2.0004287256
2,381,2.0004017170
2,382,2.0003751501
2,383,2.0003490175
2,384,2.0003233122
2,385,2.0002980272
2,386,2.0002731556
2,387,2.0002486905
2,388,2.0002246255
2,389,2.0002009538
2,390,2.0001776691
2,391,2.0001547650
2,392,2.0001322354
2,393,2.0001100740
2,394,2.0000882749
2,395,2.0000668320
2,396,2.0000457397
2,397,2.0000249921
2,398,2.0000045837
3,0,2.8712983343
3,1,2.8425853509
3,2,2.8150953134
3,3,2.7887584191
3,4,2.7635100423
3,5,2.7392902606
3,6,2.7392902606
3,7,2.7160434330
3,8,2.6937178222
3,9,2.6722652573
3,10,2.6516408295
3,11,2.6318026200
3,12,2.6127114542
3,13,2.5943306794
3,14,2.5766259645
3,15,2.5595651183
3,16,2.5431179244
3,17,2.5272559920
3,18,2.5119526189
3,19,2.4971826678
3,20,2.4829224526
3,21,2.4691496349
3,22,2.4558431293
3,23,2.4429830163
3,24,2.4305504623
3,25,2.4185276471
3,26,2.4068976958
3,27,2.4068976958
3,28,2.3956446169
3,29,2.3956446169
3,30,2.3847532453
3,31,2.3742091893
3,32,2.3742091893
3,33,2.3639987820
3,34,2.3541090358
3,35,2.3445276012
3,36,2.3352427275
3,37,2.3262432273
3,38,2.3175184427
3,39,2.3090582148
3,40,2.3008528548
3,41,2.2928931166
3,42,2.2851701725
3,43,2.2776755894
3,44,2.2704013073
3,45,2.2633396186
3,46,2.2564831495
3,47,2.2498248420
3,48,2.2433579371
3,49,2.2370759596
3,50,2.2309727030
3,51,2.2250422160
3,52,2.2192787896
3,53,2.2136769451
3,54,2.2082314224
3,55,2.2029371695
3,56,2.1977893323
3,57,2.1927832455
3,58,2.1879144228
3,59,2.1831785494
3,60,2.1785714734
3,61,2.1740891984
3,62,2.1697278766
3,63,2.1654838019
3,64,2.1613534035
3,65,2.1573332401
3,66,2.1534199939
3,67,2.1496104655
3,68,2.1459015686
3,69,2.1422903252
3,70,2.1387738610
3,71,2.1353494013
3,72,2.1320142661
3,73,2.1287658671
3,74,2.1256017034
3,75,2.1225193579
4,0,4.5861122111
4,1,4.5402510890
4,2,4.4956529237
4,3,4.4522673506
4,4,4.4100466545
4,5,4.3689455971
4,6,4.3289212580
4,7,4.2899328875
4,8,4.2519417711
4,9,4.2149111035
4,10,4.1788058721
4,11,4.1435927488
4,12,4.1092399897
4,13,4.0757173418
4,14,4.0429959566
4,15,4.0110483088
4,16,3.9798481215
4,17,3.9493702960
4,18,3.9195908462
4,19,3.8904868377
4,20,3.8620363302
4,21,3.8342183247
4,22,3.8070127131
4,23,3.7804002313
4,24,3.7543624154
4,25,3.7288815605
4,26,3.7039406819
4,27,3.6795234787
4,28,3.6556143001
4,29,3.6321981125
4,30,3.6092604701
4,31,3.5867874858
4,32,3.5647658046
4,33,3.5431825784
4,34,3.5220254419
4,35,3.5012824902
4,36,3.4809422576
4,37,3.4609936973
4,38,3.4414261628
4,39,3.4222293892
4,40,3.4033934769
4,41,3.3849088750
4,42,3.3667663664
4,43,3.3489570530
4,44,3.3314723422
4,45,3.3143039337
4,46,3.2974438074
4,47,3.2808842113
4,48,3.2646176507
4,49,3.2486368775
4,50,3.2329348799
4,51,3.2175048730
4,52,3.2023402899
4,53,3.1874347725
4,54,3.1727821636
4,55,3.1583764990
4,56,3.1442119998
4,57,3.1302830653
4,58,3.1165842665
4,59,3.1031103389
4,60,3.0898561769
4,61,3.0768168276
4,62,3.0639874850
4,63,3.0513634848
4,64,3.0389402991
4,65,3.0267135314
4,66,3.0146789121
4,67,3.0028322936
4,68,2.9911696461
4,69,2.9796870534
4,70,2.9683807093
4,71,2.9572469130
4,72,2.9462820661
4,73,2.9354826689
4,74,2.9248453171
4,75,2.9143666981
4,76,2.9040435887
4,77,2.8938728514
4,78,2.8838514320
4,79,2.8739763567
4,80,2.8642447294
4,81,2.8546537293
4,82,2.8452006082
4,83,2.8358826888
4,84,2.8266973616
4,85,2.8176420832
4,86,2.8087143745
4,87,2.7999118180
4,88,2.7912320563
4,89,2.7826727904
4,90,2.7742317775
4,91,2.7659068295
4,92,2.7576958113
4,93,2.7495966392
4,94,2.7416072794
4,95,2.7337257466
4,96,2.7259501023
4,97,2.7182784535
4,98,2.7107089516
4,99,2.7032397908
4,100,2.6958692071
4,101,2.6885954770
4,102,2.6814169164
4,103,2.6743318792
4,104,2.6673387565
4,105,2.6604359758
4,106,2.6536219994
4,107,2.6468953237
4,108,2.6402544784
4,109,2.6336980254
4,110,2.6272245580
4,111,2.6208327000
4,112,2.6145211050
4,113,2.6082884552
4,114,2.6021334613
4,115,2.5960548611
4,116,2.5900514193
4,117,2.5841219264
4,118,2.5782651980
4,119,2.5724800748
4,120,2.5667654209
4,121,2.5611201242
4,122,2.5555430952
4,123,2.5500332665
4,124,2.5445895924
4,125,2.5392110483
4,126,2.5338966302
4,127,2.5286453539
4,128,2.5234562549
4,129,2.5183283878
4,130,2.5132608256
4,131,2.5082526595
4,132,2.5033029985
4,133,2.4984109687
4,134,2.4935757130
4,135,2.4887963910
4,136,2.4840721780
4,137,2.4794022652
4,138,2.4747858590
4,139,2.4702221807
4,140,2.4657104663
4,141,2.4612499659
4,142,2.4568399435
4,143,2.4524796767
4,144,2.4481684566
4,145,2.4439055870
4,146,2.4396903843
4,147,2.4396903843
4,148,2.4355221777
4,149,2.4314003081
4,150,2.4273241284
4,151,2.4232930031
4,152,2.4193063078
4,153,2.4153634296
4,154,2.4114637659
4,155,2.4114637659
4,156,2.4076067250
4,157,2.4037917256
4,158,2.4000181961
4,159,2.3962855754
4,160,2.3962855754
4,161,2.3925933115
4,162,2.3889408624
4,163,2.3853276950
4,164,2.3817532855
4,165,2.3782171188
4,166,2.3747186887
4,167,2.3712574974
4,168,2.3678330554
4,169,2.3644448816
4,170,2.3610925025
4,171,2.3577754528
4,172,2.3544932746
4,173,2.3512455178
4,174,2.3480317393
4,175,2.3448515036
4,176,2.3417043819
4,177,2.3385899525
4,178,2.3355078005
4,179,2.3324575175
4,180,2.3294387019
4,181,2.3264509582
4,182,2.3234938973
4,183,2.3205671362
4,184,2.3176702978
4,185,2.3148030111
4,186,2.3119649108
4,187,2.3091556372
4,188,2.3063748362
4,189,2.3036221593
4,190,2.3008972631
4,191,2.2981998096
4,192,2.2955294660
4,193,2.2928859044
4,194,2.2902688019
4,195,2.2876778406
4,196,2.2851127071
4,197,2.2825730930
4,198,2.2800586942
4,199,2.2775692114
4,200,2.2751043494
4,201,2.2726638177
4,202,2.2702473298
4,203,2.2678546035
4,204,2.2654853608
4,205,2.2631393274
4,206,2.2608162335
4,207,2.2585158126
4,208,2.2562378026
4,209,2.2539819446
4,210,2.2517479840
4,211,2.2495356692
4,212,2.2473447527
4,213,2.2451749901
4,214,2.2430261407
4,215,2.2408979671
4,216,2.2387902350
4,217,2.2367027138
4,218,2.2346351758
4,219,2.2325873965
4,220,2.2305591545
4,221,2.2285502315
4,222,2.2265604121
4,223,2.2245894840
4,224,2.2226372376
4,225,2.2207034663
4,226,2.2187879662
4,227,2.2168905361
4,228,2.2150109778
4,229,2.2131490953
4,230,2.2113046957
4,231,2.2094775882
4,232,2.2076675850
4,233,2.2058745003
4,234,2.2040981512
4,235,2.2023383569
4,236,2.2005949391
4,237,2.1988677218
4,238,2.1971565314
4,239,2.1954611963
4,240,2.1937815474
4,241,2.1921174177
4,242,2.1904686421
4,243,2.1888350581
4,244,2.1872165048
4,245,2.1856128237
4,246,2.1840238581
4,247,2.1824494534
4,248,2.1808894570
4,249,2.1793437180
4,250,2.1778120877
4,251,2.1762944191
4,252,2.1747905670
4,253,2.1733003880
4,254,2.1718237407
4,255,2.1703604852
4,256,2.1689104835
4,257,2.1674735992
4,258,2.1660496975
4,259,2.1646386456
4,260,2.1632403119
4,261,2.1618545666
4,262,2.1604812815
4,263,2.1591203300
4,264,2.1577715869
4,265,2.1564349285
4,266,2.1551102328
4,267,2.1537973789
4,268,2.1524962478
4,269,2.1512067216
4,270,2.1499286839
4,271,2.1486620196
4,272,2.1474066151
4,273,2.1461623580
4,274,2.1449291375
4,275,2.1437068437
4,276,2.1424953682
4,277,2.1412946040
4,278,2.1401044451
4,279,2.1389247868
4,280,2.1377555258
4,281,2.1365965598
4,282,2.1354477876
4,283,2.1343091095
4,284,2.1331804266
4,285,2.1320616413
4,286,2.1309526572
4,287,2.1298533787
4,288,2.1287637117
4,289,2.1276835627
4,290,2.1266128398
4,291,2.1255514516
4,292,2.1244993081
4,293,2.1234563201
4,294,2.1224223996
4,295,2.1213974594
5,0,4.3100058475
5,1,4.2669057890
5,2,4.2250320537
5,3,4.1843343612
5,4,4.1447651489
5,5,4.1062793904
5,6,4.0688344280
5,7,4.0323898188
5,8,3.9969071923
5,9,3.9623501190
5,10,3.9286839888
5,11,3.8958758987
5,12,3.8638945484
5,13,3.8327101437
5,14,3.8022943069
5,15,3.7726199931
5,16,3.7436614128
5,17,3.7153939599
5,18,3.6877941441
5,19,3.6608395286
5,20,3.6345086711
5,21,3.6087810693
5,22,3.5836371103
5,23,3.5590580221
5,24,3.5350258291
5,25,3.5115233106
5,26,3.4885339608
5,27,3.4660419528
5,28,3.4440321032
5,29,3.4224898402
5,30,3.4014011726
5,31,3.3807526616
5,32,3.3605313932
5,33,3.3407249533
5,34,3.3213214033
5,35,3.3023092575
5,36,3.2836774620
5,37,3.2654153746
5,38,3.2475127453
5,39,3.2299596988
5,40,3.2127467174
5,41,3.1958646249
5,42,3.1793045711
5,43,3.1630580181
5,44,3.1471167257
5,45,3.1314727394
5,46,3.1161183775
5,47,3.1010462196
5,48,3.0862490958
5,49,3.0717200758
5,50,3.0574524594
5,51,3.0434397665
5,52,3.0296757287
5,53,3.0161542800
5,54,3.0028695494
5,55,2.9898158526
5,56,2.9769876849
5,57,2.9643797138
5,58,2.9519867729
5,59,2.9398038547
5,60,2.9278261053
5,61,2.9160488179
5,62,2.9044674277
5,63,2.8930775062
5,64,2.8818747565
5,65,2.8708550082
5,66,2.8600142129
5,67,2.8493484396
5,68,2.8388538706
5,69,2.8285267974
5,70,2.8183636169
5,71,2.8083608273
5,72,2.7985150252
5,73,2.7888229016
5,74,2.7792812388
5,75,2.7698869074
5,76,2.7606368632
5,77,2.7515281443
5,78,2.7425578681
5,79,2.7337232293
5,80,2.7250214965
5,81,2.7164500105
5,82,2.7080061814
5,83,2.6996874867
5,84,2.6996874867
5,85,2.6914914689
5,86,2.6834157335
5,87,2.6754579469
5,88,2.6676158347
5,89,2.6598871797
5,90,2.6522698198
5,91,2.6447616470
5,92,2.6373606049
5,93,2.6300646878
5,94,2.6228719387
5,95,2.6157804482
5,96,2.6087883525
5,97,2.6018938328
5,98,2.5950951134
5,99,2.5883904603
5,100,2.5817781806
5,101,2.5752566209
5,102,2.5688241660
5,103,2.5624792381
5,104,2.5562202956
5,105,2.5500458322
5,106,2.5439543755
5,107,2.5379444865
5,108,2.5320147585
5,109,2.5261638161
5,110,2.5203903143
5,111,2.5146929381
5,112,2.5090704010
5,113,2.5035214447
5,114,2.4980448382
5,115,2.4926393770
5,116,2.4873038825
5,117,2.4820372013
5,118,2.4768382042
5,119,2.4717057863
5,120,2.4666388656
5,121,2.4616363826
5,122,2.4566973002
5,123,2.4518206024
5,124,2.4470052943
5,125,2.4422504011
5,126,2.4375549682
5,127,2.4329180601
5,128,2.4283387601
5,129,2.4238161701
5,130,2.4193494097
5,131,2.4149376161
5,132,2.4105799435
5,133,2.4105799435
5,134,2.4062755626
5,135,2.4020236606
5,136,2.3978234402
5,137,2.3936741198
5,138,2.3895749326
5,139,2.3855251268
5,140,2.3815239648
5,141,2.3775707229
5,142,2.3736646912
5,143,2.3698051732
5,144,2.3659914854
5,145,2.3622229571
5,146,2.3584989298
5,147,2.3548187574
5,148,2.3511818057
5,149,2.3475874519
5,150,2.3440350847
5,151,2.3405241040
